date,time,latitude,longitude,scientific_name,common_name
,,26.1894474,-80.09024811,Centropomus undecimalis,Common Snook
6/2/13,23:38:32 UTC,26.798122,-82.276696,Centropomus undecimalis,Common Snook
6/5/13,20:03:51 UTC,26.844044,-82.286104,Centropomus undecimalis,Common Snook
6/7/13,11:31:53 UTC,26.804404,-82.283981,Centropomus undecimalis,Common Snook
6/7/13,11:31:53 UTC,26.804404,-82.283981,Centropomus undecimalis,Common Snook
,,24.824026,-80.813678,Centropomus undecimalis,Common Snook
,,28.798818,-82.587361,Centropomus undecimalis,Common Snook
12/24/13,20:30:29 UTC,28.79006111,-82.60298889,Centropomus undecimalis,Common Snook
,,23.773244,-97.738059,Centropomus undecimalis,Common Snook
5/30/14,19:11:55 UTC,26.775994,-82.267925,Centropomus undecimalis,Common Snook
,,25.076372,-77.304441,Centropomus undecimalis,Common Snook
,,26.468575,-82.106323,Centropomus undecimalis,Common Snook
11/10/14,14:58:14 UTC,27.382633,-82.621086,Centropomus undecimalis,Common Snook
12/6/14,15:31:24 UTC,26.641507,-82.178543,Centropomus undecimalis,Common Snook
,,12.143792,-68.276385,Centropomus undecimalis,Common Snook
,,26.942386,-82.041392,Centropomus undecimalis,Common Snook
,,28.79932,-82.588225,Centropomus undecimalis,Common Snook
6/18/15,09:50:44 UTC,26.742069,-82.258012,Centropomus undecimalis,Common Snook
5/15/15,18:05:35 UTC,28.799329,-82.581911,Centropomus undecimalis,Common Snook
,,25.055745,-80.686341,Centropomus undecimalis,Common Snook
,,26.8195,-80.0415,Centropomus undecimalis,Common Snook
1/15/16,17:05:23 UTC,28.792695,-82.60730833,Centropomus undecimalis,Common Snook
5/16/16,18:19:08 UTC,25.74348572,-80.2103534,Centropomus undecimalis,Common Snook
,,18.362957,-64.925938,Centropomus undecimalis,Common Snook
6/30/15,22:27:04 UTC,22.10621217,-98.19434696,Centropomus undecimalis,Common Snook
6/22/16,13:21:00 UTC,24.82475149,-80.81335258,Centropomus undecimalis,Common Snook
8/8/16,01:36:34 UTC,27.77929942,-82.66643202,Centropomus undecimalis,Common Snook
5/9/16,20:35:39 UTC,21.16386667,-90.04798883,Centropomus undecimalis,Common Snook
8/18/16,00:36:00 UTC,24.8384464,-80.7586809,Centropomus undecimalis,Common Snook
9/3/16,11:38:56 UTC,26.94517174,-80.07408014,Centropomus undecimalis,Common Snook
9/25/16,19:03:00 UTC,27.05552481,-82.44256592,Centropomus undecimalis,Common Snook
1/7/17,19:22:52 UTC,28.78830833,-82.60482,Centropomus undecimalis,Common Snook
7/6/13,18:04:53 UTC,27.16616667,-80.14966667,Centropomus undecimalis,Common Snook
7/21/15,23:35:00 UTC,19.59440204,-96.39163971,Centropomus undecimalis,Common Snook
3/14/17,17:05:00 UTC,34.13182421,-118.0191708,Centropomus undecimalis,Common Snook
3/16/17,19:36:15 UTC,27.79095409,-82.40125673,Centropomus undecimalis,Common Snook
4/22/17,17:19:57 UTC,25.74321167,-80.21183,Centropomus undecimalis,Common Snook
12/31/13,12:48:00 UTC,28.7997993,-82.58016229,Centropomus undecimalis,Common Snook
5/30/17,20:51:00 UTC,28.79932833,-82.58829667,Centropomus undecimalis,Common Snook
5/30/17,20:54:00 UTC,28.79927,-82.588375,Centropomus undecimalis,Common Snook
5/30/17,22:38:00 UTC,28.79929833,-82.588255,Centropomus undecimalis,Common Snook
6/4/17,20:37:50 UTC,27.70128833,-82.738245,Centropomus undecimalis,Common Snook
,,28.86846598,-95.44867694,Centropomus undecimalis,Common Snook
,,18.109581,-77.297508,Centropomus undecimalis,Common Snook
9/25/14,16:00:00 UTC,25.2866149,-80.8986502,Centropomus undecimalis,Common Snook
,,25.22062723,-81.17042542,Centropomus undecimalis,Common Snook
8/2/17,17:43:35 UTC,27.63199979,-97.23266696,Centropomus undecimalis,Common Snook
,,27.83707847,-97.06764221,Centropomus undecimalis,Common Snook
5/22/16,18:54:56 UTC,28.23765548,-80.74254344,Centropomus undecimalis,Common Snook
,,10.479575,-75.473205,Centropomus undecimalis,Common Snook
8/28/17,14:46:05 UTC,10.487569,-75.4989947,Centropomus undecimalis,Common Snook
10/2/17,14:44:02 UTC,27.58181194,-97.21855301,Centropomus undecimalis,Common Snook
10/1/17,19:05:00 UTC,27.81702,-82.59310833,Centropomus undecimalis,Common Snook
6/24/92,04:43:00 UTC,28.15698,-82.80464172,Centropomus undecimalis,Common Snook
10/3/17,17:24:00 UTC,23.2494148,-106.4111425,Centropomus undecimalis,Common Snook
11/26/17,15:26:25 UTC,28.79865405,-82.59321257,Centropomus undecimalis,Common Snook
12/9/17,23:08:24 UTC,27.55103703,-97.2360893,Centropomus undecimalis,Common Snook
12/10/17,18:03:43 UTC,27.8164377,-82.59718956,Centropomus undecimalis,Common Snook
12/13/17,14:31:58 UTC,27.69998414,-82.73564199,Centropomus undecimalis,Common Snook
12/29/17,17:07:12 UTC,28.79968071,-82.587883,Centropomus undecimalis,Common Snook
12/13/17,14:44:00 UTC,19.31484913,-96.28769875,Centropomus undecimalis,Common Snook
7/12/17,17:12:47 UTC,26.95514167,-82.14949717,Centropomus undecimalis,Common Snook
1/3/18,14:55:00 UTC,27.59305135,-97.21422493,Centropomus undecimalis,Common Snook
12/31/17,00:18:00 UTC,26.43156956,-82.04989298,Centropomus undecimalis,Common Snook
12/30/17,05:41:00 UTC,26.4624966,-82.13491169,Centropomus undecimalis,Common Snook
1/6/18,15:54:00 UTC,27.39554578,-97.30892301,Centropomus undecimalis,Common Snook
1/6/18,15:59:00 UTC,27.37477085,-97.31694281,Centropomus undecimalis,Common Snook
1/6/18,15:59:00 UTC,27.37469225,-97.31696159,Centropomus undecimalis,Common Snook
1/6/18,16:01:00 UTC,27.37141001,-97.31806934,Centropomus undecimalis,Common Snook
1/3/18,22:57:00 UTC,26.42843646,-82.05576897,Centropomus undecimalis,Common Snook
1/14/18,17:38:29 UTC,29.00141032,-82.76079811,Centropomus undecimalis,Common Snook
1/27/18,16:20:00 UTC,27.62069393,-97.22287506,Centropomus undecimalis,Common Snook
12/28/17,16:49:21 UTC,27.93344886,-82.52762616,Centropomus undecimalis,Common Snook
12/23/17,16:41:16 UTC,27.93506769,-82.52749186,Centropomus undecimalis,Common Snook
9/20/17,14:11:00 UTC,26.75513926,-82.06012675,Centropomus undecimalis,Common Snook
12/11/17,18:35:00 UTC,26.64856156,-82.1945632,Centropomus undecimalis,Common Snook
2/1/18,20:08:00 UTC,26.2073333,-81.81242421,Centropomus undecimalis,Common Snook
10/12/16,16:34:00 UTC,29.83274672,-81.30477669,Centropomus undecimalis,Common Snook
2/10/18,17:22:01 UTC,28.79903667,-82.58834667,Centropomus undecimalis,Common Snook
2/11/18,17:36:13 UTC,28.800055,-82.58850833,Centropomus undecimalis,Common Snook
5/15/16,11:33:00 UTC,28.8037059,-82.5761369,Centropomus undecimalis,Common Snook
10/8/17,23:35:31 UTC,28.693305,-82.63527,Centropomus undecimalis,Common Snook
11/22/13,16:35:00 UTC,24.6272439,-82.8722354,Centropomus undecimalis,Common Snook
4/1/18,05:15:58 UTC,22.61343428,-98.71463288,Centropomus undecimalis,Common Snook
10/17/17,14:17:08 UTC,28.39350833,-96.52963333,Centropomus undecimalis,Common Snook
3/28/18,21:32:41 UTC,27.72720001,-82.68870545,Centropomus undecimalis,Common Snook
5/1/18,12:49:00 UTC,26.07305556,-97.16138889,Centropomus undecimalis,Common Snook
4/27/18,14:51:00 UTC,25.97472222,-97.34138889,Centropomus undecimalis,Common Snook
4/27/18,21:09:00 UTC,25.97055556,-97.35861111,Centropomus undecimalis,Common Snook
5/10/18,15:39:00 UTC,25.79986703,-80.12861252,Centropomus undecimalis,Common Snook
5/9/18,17:19:00 UTC,18.99310681,-95.96491233,Centropomus undecimalis,Common Snook
5/15/18,21:00:24 UTC,25.61550518,-80.30571945,Centropomus undecimalis,Common Snook
4/17/17,20:45:12 UTC,,,Centropomus undecimalis,Common Snook
5/12/17,18:54:38 UTC,27.17976667,-82.49574167,Centropomus undecimalis,Common Snook
6/13/18,11:31:00 UTC,27.63883333,-80.35073,Centropomus undecimalis,Common Snook
6/13/18,16:34:47 UTC,25.10787764,-80.42359877,Centropomus undecimalis,Common Snook
6/22/18,16:44:54 UTC,26.71696167,-82.26135333,Centropomus undecimalis,Common Snook
6/22/18,13:03:00 UTC,26.18936117,-80.09229486,Centropomus undecimalis,Common Snook
6/23/18,12:14:10 UTC,27.6487456,-82.74461158,Centropomus undecimalis,Common Snook
7/1/18,13:24:37 UTC,28.0993955,-82.83541831,Centropomus undecimalis,Common Snook
8/25/06,17:55:00 UTC,28.79935742,-82.5883162,Centropomus undecimalis,Common Snook
8/25/06,17:11:00 UTC,28.79935742,-82.5883162,Centropomus undecimalis,Common Snook
6/21/18,22:17:25 UTC,28.69873502,-96.21790007,Centropomus undecimalis,Common Snook
7/2/18,17:30:24 UTC,28.09902783,-82.83411333,Centropomus undecimalis,Common Snook
1/19/17,21:08:58 UTC,25.20916608,-81.16251552,Centropomus undecimalis,Common Snook
6/13/18,16:31:45 UTC,10.49504,-75.536417,Centropomus undecimalis,Common Snook
6/13/18,15:56:42 UTC,10.482887,-75.523371,Centropomus undecimalis,Common Snook
7/18/18,20:13:00 UTC,25.66308446,-80.03610682,Centropomus undecimalis,Common Snook
3/9/10,13:08:00 UTC,28.902479,-82.5926012,Centropomus undecimalis,Common Snook
3/9/10,13:08:00 UTC,28.902479,-82.5926012,Centropomus undecimalis,Common Snook
3/9/10,16:19:00 UTC,28.902479,-82.5926012,Centropomus undecimalis,Common Snook
8/18/18,10:51:34 UTC,27.6433,-80.351905,Centropomus undecimalis,Common Snook
8/24/18,14:05:00 UTC,19.9430577,-75.12627777,Centropomus undecimalis,Common Snook
9/1/18,11:08:29 UTC,28.26108041,-80.67674965,Centropomus undecimalis,Common Snook
,,27.6648274,-81.5157535,Centropomus undecimalis,Common Snook
9/4/18,23:22:22 UTC,10.40929,-75.52505,Centropomus undecimalis,Common Snook
6/16/18,13:55:27 UTC,26.70274681,-82.31128988,Centropomus undecimalis,Common Snook
,,22.51199697,-105.7348597,Centropomus undecimalis,Common Snook
9/13/18,23:30:00 UTC,20.58162866,-87.22037833,Centropomus undecimalis,Common Snook
9/14/18,11:04:39 UTC,27.60747154,-82.57145306,Centropomus undecimalis,Common Snook
9/14/18,13:40:49 UTC,27.28368013,-82.51994532,Centropomus undecimalis,Common Snook
9/14/18,15:13:05 UTC,27.28332516,-82.52008299,Centropomus undecimalis,Common Snook
9/23/18,17:00:47 UTC,28.26100878,-80.68273833,Centropomus undecimalis,Common Snook
,,32.04596667,-81.07969722,Centropomus undecimalis,Common Snook
3/13/16,21:26:20 UTC,27.14865264,-80.16265679,Centropomus undecimalis,Common Snook
9/29/18,11:27:20 UTC,27.74418788,-82.48417977,Centropomus undecimalis,Common Snook
9/30/18,14:47:00 UTC,26.56229444,-97.27364444,Centropomus undecimalis,Common Snook
10/1/18,18:01:37 UTC,26.89297582,-80.05649983,Centropomus undecimalis,Common Snook
10/5/18,09:15:47 UTC,19.3447913,-99.17209167,Centropomus undecimalis,Common Snook
7/4/18,00:35:40 UTC,27.65271435,-80.35095768,Centropomus undecimalis,Common Snook
3/1/12,22:39:00 UTC,25.23375272,-80.29272195,Centropomus undecimalis,Common Snook
10/14/18,12:20:00 UTC,27.946036,-82.542342,Centropomus undecimalis,Common Snook
10/14/18,17:33:12 UTC,28.05430262,-82.62627627,Centropomus undecimalis,Common Snook
,,27.632633,-82.718942,Centropomus undecimalis,Common Snook
10/3/18,03:08:24 UTC,,,Centropomus undecimalis,Common Snook
12/19/08,15:12:00 UTC,27.0732367,-82.4501965,Centropomus undecimalis,Common Snook
11/4/18,19:55:58 UTC,28.26122968,-80.68016605,Centropomus undecimalis,Common Snook
8/17/13,01:38:00 UTC,25.90885433,-81.63792647,Centropomus undecimalis,Common Snook
9/8/18,20:13:00 UTC,27.5041264,-82.7144811,Centropomus undecimalis,Common Snook
9/22/18,14:47:00 UTC,17.4351613,-91.13344467,Centropomus undecimalis,Common Snook
11/20/18,15:22:00 UTC,19.41667419,-96.32340029,Centropomus undecimalis,Common Snook
11/28/18,18:33:00 UTC,25.76436408,-80.13093555,Centropomus undecimalis,Common Snook
12/8/18,13:23:00 UTC,25.70196039,-80.16727254,Centropomus undecimalis,Common Snook
12/10/18,22:53:26 UTC,25.70138843,-80.15409168,Centropomus undecimalis,Common Snook
12/23/18,02:01:59 UTC,27.82539953,-82.48756845,Centropomus undecimalis,Common Snook
12/23/18,02:03:40 UTC,27.82128048,-82.48471558,Centropomus undecimalis,Common Snook
12/22/18,14:05:00 UTC,27.93573951,-82.52726913,Centropomus undecimalis,Common Snook
,,25.78260373,-81.32486877,Centropomus undecimalis,Common Snook
12/27/18,17:18:15 UTC,28.79927646,-82.58696314,Centropomus undecimalis,Common Snook
12/13/18,15:15:00 UTC,27.82927222,-82.60928333,Centropomus undecimalis,Common Snook
1/1/19,22:04:46 UTC,27.86000061,-80.4466629,Centropomus undecimalis,Common Snook
1/5/19,04:39:12 UTC,28.01697011,-80.60413186,Centropomus undecimalis,Common Snook
1/8/19,05:24:00 UTC,27.79245415,-82.40359587,Centropomus undecimalis,Common Snook
1/10/19,12:24:07 UTC,-24.05096629,-46.45576894,Centropomus undecimalis,Common Snook
12/25/18,20:52:00 UTC,26.54551167,-80.04169333,Centropomus undecimalis,Common Snook
12/24/18,20:56:00 UTC,28.9464856,-81.33895372,Centropomus undecimalis,Common Snook
4/6/13,17:02:00 UTC,27.44244207,-82.66578431,Centropomus undecimalis,Common Snook
4/30/17,17:24:31 UTC,26.68456917,-82.24105034,Centropomus undecimalis,Common Snook
3/15/18,17:42:00 UTC,26.91186667,-82.34842778,Centropomus undecimalis,Common Snook
11/23/18,22:04:06 UTC,27.69625333,-82.45808333,Centropomus undecimalis,Common Snook
1/30/19,02:48:19 UTC,25.70050584,-80.15449735,Centropomus undecimalis,Common Snook
4/17/18,13:13:33 UTC,26.70737231,-82.25969897,Centropomus undecimalis,Common Snook
12/29/18,20:15:00 UTC,25.98215816,-81.72028721,Centropomus undecimalis,Common Snook
,,26.7484691,-82.2783765,Centropomus undecimalis,Common Snook
2/2/19,18:30:45 UTC,26.61321527,-81.91659182,Centropomus undecimalis,Common Snook
2/6/19,16:56:30 UTC,27.90319061,-82.48917389,Centropomus undecimalis,Common Snook
2/10/19,23:22:29 UTC,25.69776299,-80.16990494,Centropomus undecimalis,Common Snook
2/8/19,14:52:00 UTC,28.888135,-82.589548,Centropomus undecimalis,Common Snook
2/1/19,13:16:01 UTC,28.91985321,-82.69067467,Centropomus undecimalis,Common Snook
2/17/19,12:59:26 UTC,25.02685188,-80.97311717,Centropomus undecimalis,Common Snook
2/17/19,12:52:51 UTC,25.00139622,-80.81191941,Centropomus undecimalis,Common Snook
2/16/19,01:57:00 UTC,25.14190105,-80.92284398,Centropomus undecimalis,Common Snook
3/2/19,19:44:52 UTC,18.13688186,-65.50954464,Centropomus undecimalis,Common Snook
4/13/16,23:29:28 UTC,25.16898833,-80.38373667,Centropomus undecimalis,Common Snook
2/22/19,22:52:00 UTC,,,Centropomus undecimalis,Common Snook
3/23/19,18:16:00 UTC,27.7926392,-82.4012264,Centropomus undecimalis,Common Snook
,,25.66640252,-80.15566581,Centropomus undecimalis,Common Snook
4/5/19,16:16:20 UTC,27.04696775,-81.99108813,Centropomus undecimalis,Common Snook
3/16/19,16:52:25 UTC,27.53235406,-82.59642963,Centropomus undecimalis,Common Snook
9/2/18,18:00:24 UTC,27.90050084,-81.27524112,Centropomus undecimalis,Common Snook
3/2/19,18:10:27 UTC,26.72312711,-82.24923721,Centropomus undecimalis,Common Snook
4/18/19,02:15:29 UTC,26.47147496,-82.16464802,Centropomus undecimalis,Common Snook
4/24/19,08:40:00 UTC,21.33555616,-89.30944819,Centropomus undecimalis,Common Snook
4/15/19,12:42:36 UTC,19.31143984,-87.60745571,Centropomus undecimalis,Common Snook
4/27/19,19:49:00 UTC,25.13491801,-80.43058272,Centropomus undecimalis,Common Snook
4/5/19,23:39:52 UTC,27.71496051,-82.63213062,Centropomus undecimalis,Common Snook
4/23/19,03:26:36 UTC,25.15511989,-80.31003372,Centropomus undecimalis,Common Snook
5/11/19,15:39:52 UTC,26.31647682,-80.07270813,Centropomus undecimalis,Common Snook
5/17/19,14:22:36 UTC,19.50352431,-96.33543142,Centropomus undecimalis,Common Snook
1/1/15,19:11:08 UTC,28.90401779,-82.78691485,Centropomus undecimalis,Common Snook
6/3/19,17:15:38 UTC,28.40897179,-80.66663361,Centropomus undecimalis,Common Snook
5/31/19,22:20:29 UTC,25.63533085,-80.12354704,Centropomus undecimalis,Common Snook
6/7/19,14:47:33 UTC,29.03970259,-80.91206498,Centropomus undecimalis,Common Snook
2/19/17,13:44:36 UTC,25.88012782,-81.60717976,Centropomus undecimalis,Common Snook
6/13/19,16:51:00 UTC,25.41488851,-80.31356004,Centropomus undecimalis,Common Snook
6/16/19,15:25:31 UTC,26.70824814,-82.0671463,Centropomus undecimalis,Common Snook
6/15/19,21:55:35 UTC,27.80000894,-80.58280532,Centropomus undecimalis,Common Snook
6/15/19,14:39:00 UTC,29.04212232,-80.91334842,Centropomus undecimalis,Common Snook
6/27/19,22:16:00 UTC,26.18918872,-80.09246532,Centropomus undecimalis,Common Snook
6/27/19,12:36:00 UTC,27.83169695,-80.53316575,Centropomus undecimalis,Common Snook
6/22/18,15:37:11 UTC,27.17533833,-80.18778333,Centropomus undecimalis,Common Snook
6/12/19,18:43:00 UTC,27.97749444,-82.83220556,Centropomus undecimalis,Common Snook
7/6/19,12:06:34 UTC,26.37920395,-80.07002939,Centropomus undecimalis,Common Snook
,,9.5130678,-75.58914105,Centropomus undecimalis,Common Snook
7/13/19,15:50:00 UTC,25.76407526,-80.1307008,Centropomus undecimalis,Common Snook
7/16/19,21:07:30 UTC,25.21076167,-80.93152,Centropomus undecimalis,Common Snook
,,28.40524084,-80.64701747,Centropomus undecimalis,Common Snook
6/1/14,17:40:00 UTC,-22.8858975,-43.1152211,Centropomus undecimalis,Common Snook
1/9/17,21:44:00 UTC,27.85961264,-80.4487005,Centropomus undecimalis,Common Snook
9/12/17,02:47:00 UTC,20.2971603,-87.4042128,Centropomus undecimalis,Common Snook
8/1/19,15:03:01 UTC,32.16620978,-80.78140507,Centropomus undecimalis,Common Snook
6/3/19,14:36:57 UTC,27.52287039,-82.73631724,Centropomus undecimalis,Common Snook
4/17/09,16:01:15 UTC,27.88779865,-82.46550791,Centropomus undecimalis,Common Snook
7/8/19,15:14:00 UTC,25.76347787,-80.12897056,Centropomus undecimalis,Common Snook
12/20/13,19:02:00 UTC,27.85961264,-80.4487005,Centropomus undecimalis,Common Snook
,,27.79486089,-82.60405171,Centropomus undecimalis,Common Snook
8/4/16,18:38:00 UTC,25.1244692,-80.40114084,Centropomus undecimalis,Common Snook
8/25/19,20:36:00 UTC,20.37639854,-87.20078941,Centropomus undecimalis,Common Snook
9/2/19,15:53:32 UTC,26.70828819,-82.06718445,Centropomus undecimalis,Common Snook
8/28/19,22:00:19 UTC,25.75521958,-80.05565051,Centropomus undecimalis,Common Snook
9/8/19,12:03:55 UTC,28.32293801,-80.69908399,Centropomus undecimalis,Common Snook
9/7/19,19:00:00 UTC,27.862197,-80.444207,Centropomus undecimalis,Common Snook
10/6/14,13:10:51 UTC,28.78902833,-82.60455333,Centropomus undecimalis,Common Snook
5/26/17,02:41:00 UTC,17.75654318,-88.02774871,Centropomus undecimalis,Common Snook
9/25/19,22:23:40 UTC,27.79277802,-82.41750336,Centropomus undecimalis,Common Snook
9/25/19,18:58:50 UTC,25.61567388,-80.30441891,Centropomus undecimalis,Common Snook
,,,,Centropomus undecimalis,Common Snook
1/27/18,13:25:00 UTC,28.88777778,-82.59027778,Centropomus undecimalis,Common Snook
10/4/19,14:00:18 UTC,27.62603428,-80.36381627,Centropomus undecimalis,Common Snook
10/13/19,01:11:41 UTC,28.40818333,-80.58808833,Centropomus undecimalis,Common Snook
10/13/19,12:14:35 UTC,27.71826992,-82.6333569,Centropomus undecimalis,Common Snook
10/15/19,00:50:46 UTC,28.40794167,-80.58658667,Centropomus undecimalis,Common Snook
10/20/19,21:46:55 UTC,28.33251426,-80.70721368,Centropomus undecimalis,Common Snook
,,27.68148894,-82.72806426,Centropomus undecimalis,Common Snook
,,27.76663608,-82.67378773,Centropomus undecimalis,Common Snook
11/2/19,12:44:00 UTC,25.78694167,-80.21393667,Centropomus undecimalis,Common Snook
11/3/19,18:42:38 UTC,26.70825577,-82.06713867,Centropomus undecimalis,Common Snook
11/10/19,01:33:30 UTC,20.97257129,-97.30438602,Centropomus undecimalis,Common Snook
7/3/19,16:51:37 UTC,17.51655063,-88.20805554,Centropomus undecimalis,Common Snook
11/12/19,18:28:07 UTC,26.09082128,-80.11161267,Centropomus undecimalis,Common Snook
11/11/19,18:14:04 UTC,25.91716434,-81.36035297,Centropomus undecimalis,Common Snook
7/19/14,17:15:00 UTC,24.876726,-80.677001,Centropomus undecimalis,Common Snook
10/26/19,18:17:30 UTC,26.66018667,-82.04627217,Centropomus undecimalis,Common Snook
,,,,Centropomus undecimalis,Common Snook
,,27.86537177,-82.41068456,Centropomus undecimalis,Common Snook
11/24/19,03:11:06 UTC,27.54104857,-82.62765055,Centropomus undecimalis,Common Snook
11/26/19,16:20:00 UTC,25.47510936,-80.84379627,Centropomus undecimalis,Common Snook
11/30/19,16:46:25 UTC,27.786973,-82.60630636,Centropomus undecimalis,Common Snook
11/29/19,21:02:52 UTC,27.20194435,-80.25653076,Centropomus undecimalis,Common Snook
12/6/19,20:56:55 UTC,28.79939167,-82.58825,Centropomus undecimalis,Common Snook
9/13/13,17:05:00 UTC,11.49799389,-83.8747448,Centropomus undecimalis,Common Snook
,,11.17606569,-72.55837453,Centropomus undecimalis,Common Snook
1/21/19,21:14:00 UTC,25.54238611,-80.32963611,Centropomus undecimalis,Common Snook
2/16/15,02:55:27 UTC,26.86461731,-82.31592414,Centropomus undecimalis,Common Snook
12/13/19,16:04:45 UTC,27.79334167,-82.608895,Centropomus undecimalis,Common Snook
1/1/20,20:47:35 UTC,28.79933667,-82.58816667,Centropomus undecimalis,Common Snook
12/30/19,16:20:38 UTC,25.98874301,-81.75080637,Centropomus undecimalis,Common Snook
9/11/13,00:09:00 UTC,25.01476959,-80.42769283,Centropomus undecimalis,Common Snook
1/4/20,21:25:00 UTC,-7.907139967,-34.82418843,Centropomus undecimalis,Common Snook
1/5/20,14:12:00 UTC,-7.907207423,-34.8240812,Centropomus undecimalis,Common Snook
12/31/19,20:27:28 UTC,28.79933036,-82.58816711,Centropomus undecimalis,Common Snook
10/4/19,19:59:08 UTC,26.09051667,-80.11196117,Centropomus undecimalis,Common Snook
1/12/20,17:25:46 UTC,18.16333333,-65.74289667,Centropomus undecimalis,Common Snook
12/19/19,21:40:00 UTC,28.94394453,-81.34043739,Centropomus undecimalis,Common Snook
10/18/19,14:05:28 UTC,26.30866667,-81.82962,Centropomus undecimalis,Common Snook
1/17/20,18:37:00 UTC,27.79205151,-82.40230778,Centropomus undecimalis,Common Snook
8/16/18,21:07:20 UTC,23.14176321,-82.36947841,Centropomus undecimalis,Common Snook
2/10/20,12:37:44 UTC,21.16448816,-90.04792102,Centropomus undecimalis,Common Snook
2/10/20,21:44:24 UTC,24.87176167,-80.70352167,Centropomus undecimalis,Common Snook
2/10/20,18:37:40 UTC,21.16485647,-90.04752707,Centropomus undecimalis,Common Snook
2/13/20,10:28:15 UTC,21.16440655,-90.04765145,Centropomus undecimalis,Common Snook
2/14/20,22:30:00 UTC,26.33872904,-81.81985997,Centropomus undecimalis,Common Snook
2/15/20,17:58:00 UTC,28.799377,-82.588293,Centropomus undecimalis,Common Snook
2/13/20,18:37:00 UTC,27.7676008,-82.6402915,Centropomus undecimalis,Common Snook
2/21/20,16:00:55 UTC,25.13162865,-80.8574252,Centropomus undecimalis,Common Snook
2/15/20,14:33:34 UTC,28.039525,-80.58039667,Centropomus undecimalis,Common Snook
1/22/20,19:46:00 UTC,28.88833387,-82.58925256,Centropomus undecimalis,Common Snook
3/12/20,19:20:16 UTC,28.87988,-82.68312833,Centropomus undecimalis,Common Snook
3/14/20,15:46:10 UTC,27.17459933,-82.46179581,Centropomus undecimalis,Common Snook
3/15/20,20:09:30 UTC,26.23713597,-81.81674997,Centropomus undecimalis,Common Snook
3/21/20,13:30:33 UTC,27.21128749,-80.26740445,Centropomus undecimalis,Common Snook
9/11/12,13:29:00 UTC,7.779551316,-77.05130874,Centropomus undecimalis,Common Snook
3/27/20,18:24:55 UTC,27.67718951,-82.49300008,Centropomus undecimalis,Common Snook
3/4/12,09:33:00 UTC,28.90383156,-82.63088139,Centropomus undecimalis,Common Snook
,,18.20917768,-92.94117831,Centropomus undecimalis,Common Snook
3/29/20,17:29:21 UTC,27.67703379,-82.49350165,Centropomus undecimalis,Common Snook
3/16/20,18:47:39 UTC,28.23928869,-80.67344703,Centropomus undecimalis,Common Snook
9/1/16,17:05:00 UTC,21.58941037,-88.05196604,Centropomus undecimalis,Common Snook
3/19/20,13:45:00 UTC,26.94933911,-79.84896183,Centropomus undecimalis,Common Snook
4/6/20,21:18:18 UTC,16.9372254,-94.65472061,Centropomus undecimalis,Common Snook
12/7/19,19:37:39 UTC,29.405145,-81.11612783,Centropomus undecimalis,Common Snook
3/21/20,22:01:00 UTC,27.64727744,-80.36815053,Centropomus undecimalis,Common Snook
7/13/16,16:31:00 UTC,25.9397412,-81.7075355,Centropomus undecimalis,Common Snook
2/8/20,15:10:16 UTC,26.09552134,-81.79809187,Centropomus undecimalis,Common Snook
12/16/19,12:52:12 UTC,26.52493667,-81.95643667,Centropomus undecimalis,Common Snook
4/22/20,14:56:12 UTC,25.61541361,-80.30494668,Centropomus undecimalis,Common Snook
1/26/20,19:38:01 UTC,26.6403834,-81.8593591,Centropomus undecimalis,Common Snook
4/6/20,22:27:24 UTC,26.46994167,-81.85893333,Centropomus undecimalis,Common Snook
4/25/20,23:21:02 UTC,25.9829026,-80.12297521,Centropomus undecimalis,Common Snook
,,28.27507979,-80.68644808,Centropomus undecimalis,Common Snook
4/27/20,15:23:00 UTC,25.17379388,-80.4513225,Centropomus undecimalis,Common Snook
4/15/20,14:57:57 UTC,7.434171891,-80.9186089,Centropomus undecimalis,Common Snook
5/1/20,02:56:39 UTC,25.63049051,-80.29406631,Centropomus undecimalis,Common Snook
5/7/20,13:56:00 UTC,-7.903430707,-34.82514556,Centropomus undecimalis,Common Snook
5/8/20,20:13:07 UTC,25.61571579,-80.3052926,Centropomus undecimalis,Common Snook
5/8/20,20:13:58 UTC,25.61576478,-80.30522601,Centropomus undecimalis,Common Snook
5/13/20,21:39:29 UTC,28.00103055,-82.60626167,Centropomus undecimalis,Common Snook
10/18/19,20:06:00 UTC,8.428224864,-82.4256134,Centropomus undecimalis,Common Snook
12/26/18,23:39:00 UTC,15.79545556,-86.59091944,Centropomus undecimalis,Common Snook
8/5/10,03:17:00 UTC,18.6459889,-95.09418927,Centropomus undecimalis,Common Snook
12/30/18,16:35:00 UTC,25.2475665,-80.95364212,Centropomus undecimalis,Common Snook
4/14/17,15:35:55 UTC,16.36968952,-88.50156489,Centropomus undecimalis,Common Snook
5/13/20,19:25:00 UTC,26.46377808,-82.13384708,Centropomus undecimalis,Common Snook
5/25/20,00:26:25 UTC,28.90969492,-81.2013707,Centropomus undecimalis,Common Snook
5/27/20,16:47:25 UTC,27.76146879,-82.64363628,Centropomus undecimalis,Common Snook
5/28/20,17:57:24 UTC,27.64496167,-82.73785333,Centropomus undecimalis,Common Snook
5/23/20,23:41:56 UTC,25.79315392,-80.07523419,Centropomus undecimalis,Common Snook
5/29/20,04:48:00 UTC,27.30223274,-82.57013782,Centropomus undecimalis,Common Snook
5/30/20,00:17:44 UTC,27.52279982,-82.64786619,Centropomus undecimalis,Common Snook
5/30/20,13:51:24 UTC,22.15898165,-105.3739161,Centropomus undecimalis,Common Snook
6/2/20,22:46:29 UTC,27.53767833,-82.74775,Centropomus undecimalis,Common Snook
10/19/03,18:08:00 UTC,28.7992622,-82.58830542,Centropomus undecimalis,Common Snook
6/3/20,15:50:18 UTC,28.82410833,-82.58471667,Centropomus undecimalis,Common Snook
6/1/20,03:08:00 UTC,26.31579652,-80.07418815,Centropomus undecimalis,Common Snook
2/27/19,15:15:29 UTC,27.51298333,-82.68251167,Centropomus undecimalis,Common Snook
6/7/20,16:55:49 UTC,26.82770333,-82.26691333,Centropomus undecimalis,Common Snook
,,27.9378556,-82.84332689,Centropomus undecimalis,Common Snook
4/2/17,16:05:00 UTC,27.55011361,-82.50255738,Centropomus undecimalis,Common Snook
6/2/20,13:15:43 UTC,26.39871667,-81.88320333,Centropomus undecimalis,Common Snook
6/17/20,12:17:19 UTC,27.54885771,-82.6292301,Centropomus undecimalis,Common Snook
6/17/20,12:27:28 UTC,27.54881924,-82.62918559,Centropomus undecimalis,Common Snook
6/17/20,12:36:03 UTC,27.54883382,-82.62922279,Centropomus undecimalis,Common Snook
6/17/20,12:46:00 UTC,27.54886619,-82.6291547,Centropomus undecimalis,Common Snook
6/17/20,12:31:02 UTC,27.5487961,-82.62922562,Centropomus undecimalis,Common Snook
6/17/20,12:49:00 UTC,27.5488318,-82.62921557,Centropomus undecimalis,Common Snook
6/17/20,12:24:06 UTC,27.54880507,-82.62919339,Centropomus undecimalis,Common Snook
6/14/20,15:02:00 UTC,25.61563751,-80.30571393,Centropomus undecimalis,Common Snook
7/2/20,13:59:41 UTC,28.09933669,-82.83368413,Centropomus undecimalis,Common Snook
7/2/20,15:31:36 UTC,28.0560461,-82.8243839,Centropomus undecimalis,Common Snook
7/2/20,15:46:09 UTC,28.06079266,-82.83064565,Centropomus undecimalis,Common Snook
7/2/20,15:57:53 UTC,28.0538821,-82.7989141,Centropomus undecimalis,Common Snook
7/2/20,16:13:31 UTC,28.0361072,-82.7861127,Centropomus undecimalis,Common Snook
7/2/20,16:40:10 UTC,28.064527,-82.83406754,Centropomus undecimalis,Common Snook
7/2/20,00:32:25 UTC,27.43736167,-82.67385,Centropomus undecimalis,Common Snook
6/25/20,23:45:10 UTC,26.04510932,-80.18305949,Centropomus undecimalis,Common Snook
6/8/20,21:34:00 UTC,36.2132005,-95.9062375,Centropomus undecimalis,Common Snook
7/12/20,12:16:39 UTC,27.64346311,-82.73428288,Centropomus undecimalis,Common Snook
7/11/20,14:13:23 UTC,21.80060241,-99.0864856,Centropomus undecimalis,Common Snook
7/13/20,17:54:40 UTC,21.49459667,-86.95348333,Centropomus undecimalis,Common Snook
7/13/20,19:43:57 UTC,27.30850802,-80.22431389,Centropomus undecimalis,Common Snook
6/19/15,17:46:00 UTC,20.0595718,-96.6611392,Centropomus undecimalis,Common Snook
7/30/20,18:38:34 UTC,26.81517686,-80.03967819,Centropomus undecimalis,Common Snook
,,26.13170766,-81.80693844,Centropomus undecimalis,Common Snook
8/15/20,15:20:56 UTC,28.7169681,-82.57590803,Centropomus undecimalis,Common Snook
8/19/20,14:10:27 UTC,25.73206525,-80.16071107,Centropomus undecimalis,Common Snook
2/26/19,15:29:00 UTC,28.88852373,-82.58925633,Centropomus undecimalis,Common Snook
2/26/19,16:07:00 UTC,28.88852373,-82.58925633,Centropomus undecimalis,Common Snook
8/24/20,02:15:54 UTC,27.59971384,-80.34180011,Centropomus undecimalis,Common Snook
8/29/20,14:07:48 UTC,26.95185786,-82.11892707,Centropomus undecimalis,Common Snook
9/1/20,19:18:00 UTC,11.24215049,-74.21102274,Centropomus undecimalis,Common Snook
8/31/20,16:48:00 UTC,25.01522966,-80.37850991,Centropomus undecimalis,Common Snook
7/23/15,14:22:12 UTC,27.61537666,-97.21316335,Centropomus undecimalis,Common Snook
9/3/15,00:27:27 UTC,27.61539025,-97.21317067,Centropomus undecimalis,Common Snook
1/1/13,21:19:00 UTC,28.79921025,-82.58834653,Centropomus undecimalis,Common Snook
4/16/05,10:21:57 UTC,26.813099,-80.045914,Centropomus undecimalis,Common Snook
9/4/20,11:27:57 UTC,28.7767725,-82.63764191,Centropomus undecimalis,Common Snook
9/13/20,17:27:00 UTC,26.94307235,-80.07139335,Centropomus undecimalis,Common Snook
10/4/19,16:38:00 UTC,27.96031366,-82.39129943,Centropomus undecimalis,Common Snook
9/20/20,15:57:38 UTC,25.89905653,-81.66090486,Centropomus undecimalis,Common Snook
8/22/20,12:54:03 UTC,27.8112753,-97.40928691,Centropomus undecimalis,Common Snook
9/26/20,18:35:45 UTC,25.38976196,-80.86289625,Centropomus undecimalis,Common Snook
9/16/20,02:40:15 UTC,26.10305283,-80.1194695,Centropomus undecimalis,Common Snook
9/27/20,16:22:29 UTC,27.92026958,-82.43414944,Centropomus undecimalis,Common Snook
8/22/20,07:22:36 UTC,26.07073883,-97.20043,Centropomus undecimalis,Common Snook
10/8/20,23:00:00 UTC,28.03947217,-82.78608667,Centropomus undecimalis,Common Snook
1/20/20,06:56:18 UTC,25.14245278,-80.922525,Centropomus undecimalis,Common Snook
8/30/15,21:36:00 UTC,28.15287284,-82.80668064,Centropomus undecimalis,Common Snook
,,25.35252695,-80.88410882,Centropomus undecimalis,Common Snook
7/6/16,12:37:00 UTC,27.52740688,-82.65158511,Centropomus undecimalis,Common Snook
4/24/14,12:00:00 UTC,27.523614,-82.683239,Centropomus undecimalis,Common Snook
10/21/20,23:30:49 UTC,29.89315833,-81.304955,Centropomus undecimalis,Common Snook
10/24/20,20:59:00 UTC,18.21697471,-93.85128808,Centropomus undecimalis,Common Snook
10/26/20,21:48:00 UTC,27.75842421,-82.6321139,Centropomus undecimalis,Common Snook
10/14/20,19:02:42 UTC,27.76926144,-82.76899081,Centropomus undecimalis,Common Snook
11/1/20,14:41:00 UTC,27.93759701,-80.52944926,Centropomus undecimalis,Common Snook
11/1/20,21:08:39 UTC,28.63421396,-80.77153782,Centropomus undecimalis,Common Snook
8/5/15,14:13:00 UTC,26.88445556,-82.08302222,Centropomus undecimalis,Common Snook
12/10/11,03:28:17 UTC,26.95713939,-82.21322034,Centropomus undecimalis,Common Snook
11/8/20,19:03:00 UTC,28.67994705,-82.53105079,Centropomus undecimalis,Common Snook
8/10/19,15:37:01 UTC,26.911997,-80.07795,Centropomus undecimalis,Common Snook
6/10/18,15:32:26 UTC,26.92801777,-82.15659387,Centropomus undecimalis,Common Snook
11/15/20,18:24:00 UTC,27.00025742,-80.09157677,Centropomus undecimalis,Common Snook
11/16/20,02:00:00 UTC,26.9740575,-80.08675242,Centropomus undecimalis,Common Snook
8/26/08,23:38:00 UTC,27.86207505,-80.44554674,Centropomus undecimalis,Common Snook
2/26/10,17:10:00 UTC,21.5964824,-88.1578978,Centropomus undecimalis,Common Snook
11/14/20,19:07:38 UTC,20.49447412,-87.23634437,Centropomus undecimalis,Common Snook
11/21/20,17:30:00 UTC,20.4944402,-87.23637622,Centropomus undecimalis,Common Snook
11/22/20,18:13:03 UTC,20.49435855,-87.23633129,Centropomus undecimalis,Common Snook
11/21/20,18:58:46 UTC,20.4944713,-87.23631989,Centropomus undecimalis,Common Snook
11/21/20,18:34:42 UTC,20.49457211,-87.23643757,Centropomus undecimalis,Common Snook
11/21/20,18:30:09 UTC,20.49439467,-87.23638527,Centropomus undecimalis,Common Snook
11/21/20,18:23:05 UTC,20.49442607,-87.2363618,Centropomus undecimalis,Common Snook
8/3/12,12:20:00 UTC,27.94898006,-80.53421052,Centropomus undecimalis,Common Snook
11/21/20,17:45:09 UTC,20.49441634,-87.2363276,Centropomus undecimalis,Common Snook
11/21/20,17:45:21 UTC,20.49447255,-87.23632291,Centropomus undecimalis,Common Snook
11/21/20,17:30:50 UTC,20.49448668,-87.23632425,Centropomus undecimalis,Common Snook
11/21/20,18:03:49 UTC,20.49443706,-87.23639097,Centropomus undecimalis,Common Snook
11/19/20,20:51:34 UTC,20.244004,-96.79101097,Centropomus undecimalis,Common Snook
11/29/20,14:50:26 UTC,20.49448449,-87.23633263,Centropomus undecimalis,Common Snook
11/29/20,15:20:33 UTC,20.49454416,-87.23640606,Centropomus undecimalis,Common Snook
11/29/20,15:21:01 UTC,20.49456551,-87.2363276,Centropomus undecimalis,Common Snook
11/29/20,17:12:16 UTC,20.49505764,-87.23642483,Centropomus undecimalis,Common Snook
11/29/20,15:15:53 UTC,20.49470966,-87.23647848,Centropomus undecimalis,Common Snook
11/30/20,12:20:22 UTC,20.49459912,-87.23646741,Centropomus undecimalis,Common Snook
11/29/20,15:06:09 UTC,20.49468799,-87.23654822,Centropomus undecimalis,Common Snook
11/30/20,20:04:03 UTC,20.49515499,-87.23650597,Centropomus undecimalis,Common Snook
11/30/20,20:23:26 UTC,20.49502937,-87.23662466,Centropomus undecimalis,Common Snook
11/30/20,22:40:59 UTC,20.49525863,-87.23634437,Centropomus undecimalis,Common Snook
11/30/20,22:44:00 UTC,20.49513772,-87.23631822,Centropomus undecimalis,Common Snook
11/30/20,22:51:02 UTC,20.49527622,-87.23645467,Centropomus undecimalis,Common Snook
11/30/20,22:54:08 UTC,20.49517132,-87.23637588,Centropomus undecimalis,Common Snook
11/30/20,22:54:21 UTC,20.49509658,-87.23634437,Centropomus undecimalis,Common Snook
11/30/20,22:57:17 UTC,20.49514997,-87.23648988,Centropomus undecimalis,Common Snook
11/30/20,23:04:27 UTC,20.4951776,-87.23637421,Centropomus undecimalis,Common Snook
11/30/20,23:06:27 UTC,20.4951195,-87.23653849,Centropomus undecimalis,Common Snook
11/30/20,23:15:39 UTC,20.49504727,-87.23633733,Centropomus undecimalis,Common Snook
12/1/20,12:17:19 UTC,20.49443895,-87.23635744,Centropomus undecimalis,Common Snook
12/1/20,21:50:23 UTC,20.49543638,-87.23635476,Centropomus undecimalis,Common Snook
12/1/20,21:44:05 UTC,20.49513332,-87.23665383,Centropomus undecimalis,Common Snook
10/17/20,19:37:00 UTC,27.56353386,-82.60648727,Centropomus undecimalis,Common Snook
12/6/20,19:20:42 UTC,26.45432167,-82.11571383,Centropomus undecimalis,Common Snook
12/6/20,22:30:46 UTC,20.4951663,-87.23636918,Centropomus undecimalis,Common Snook
12/7/20,03:51:42 UTC,26.94750659,-80.10639279,Centropomus undecimalis,Common Snook
12/8/20,20:19:09 UTC,20.49383313,-87.23638158,Centropomus undecimalis,Common Snook
5/25/20,14:15:00 UTC,25.91870589,-81.72939308,Centropomus undecimalis,Common Snook
8/8/20,02:09:38 UTC,25.92358833,-81.71447833,Centropomus undecimalis,Common Snook
,,,,Centropomus undecimalis,Common Snook
12/11/20,22:35:08 UTC,20.49793937,-87.2364426,Centropomus undecimalis,Common Snook
12/12/20,19:33:00 UTC,20.49442544,-87.23646473,Centropomus undecimalis,Common Snook
12/12/20,22:24:12 UTC,26.45145,-82.02623617,Centropomus undecimalis,Common Snook
12/12/20,22:21:17 UTC,20.49526931,-87.23644931,Centropomus undecimalis,Common Snook
12/12/20,22:13:00 UTC,20.49520336,-87.23651938,Centropomus undecimalis,Common Snook
10/14/10,10:44:00 UTC,27.8522101,-80.44795,Centropomus undecimalis,Common Snook
3/24/16,18:23:00 UTC,27.7926006,-82.40324514,Centropomus undecimalis,Common Snook
8/15/19,16:16:24 UTC,20.49205965,-87.23574489,Centropomus undecimalis,Common Snook
8/13/19,15:41:09 UTC,20.50186712,-87.22851098,Centropomus undecimalis,Common Snook
8/17/19,11:47:47 UTC,20.49426119,-87.23635208,Centropomus undecimalis,Common Snook
9/22/19,20:19:38 UTC,20.49310829,-87.2376781,Centropomus undecimalis,Common Snook
9/22/19,19:16:00 UTC,20.4931108,-87.2375071,Centropomus undecimalis,Common Snook
9/22/19,20:24:14 UTC,20.49302349,-87.23761138,Centropomus undecimalis,Common Snook
9/25/19,23:38:33 UTC,20.49427124,-87.23642986,Centropomus undecimalis,Common Snook
10/3/19,23:33:54 UTC,20.50131226,-87.23062134,Centropomus undecimalis,Common Snook
10/4/19,01:35:00 UTC,20.5012989,-87.23069,Centropomus undecimalis,Common Snook
12/18/20,20:09:58 UTC,20.49526523,-87.2364473,Centropomus undecimalis,Common Snook
12/19/20,13:18:00 UTC,20.49519488,-87.23642081,Centropomus undecimalis,Common Snook
12/19/20,13:41:57 UTC,20.49508245,-87.23643053,Centropomus undecimalis,Common Snook
12/19/20,13:35:00 UTC,20.49520147,-87.23633632,Centropomus undecimalis,Common Snook
12/19/20,18:16:50 UTC,20.49508119,-87.23658476,Centropomus undecimalis,Common Snook
12/19/20,21:50:39 UTC,20.49823269,-87.23665517,Centropomus undecimalis,Common Snook
12/20/20,14:00:55 UTC,20.49473604,-87.23636314,Centropomus undecimalis,Common Snook
12/20/20,14:25:00 UTC,20.4948378,-87.23646373,Centropomus undecimalis,Common Snook
12/20/20,19:54:49 UTC,28.79978729,-82.58864554,Centropomus undecimalis,Common Snook
12/20/20,21:20:21 UTC,20.49525737,-87.23638628,Centropomus undecimalis,Common Snook
12/20/20,21:04:57 UTC,28.82485833,-82.584755,Centropomus undecimalis,Common Snook
1/29/08,15:16:00 UTC,25.90169731,-81.33617814,Centropomus undecimalis,Common Snook
12/29/20,13:15:00 UTC,20.49444649,-87.23632023,Centropomus undecimalis,Common Snook
12/29/20,13:38:00 UTC,20.49472003,-87.23644864,Centropomus undecimalis,Common Snook
12/30/20,13:39:05 UTC,20.49438053,-87.23634034,Centropomus undecimalis,Common Snook
12/30/20,16:24:32 UTC,27.4707564,-80.290456,Centropomus undecimalis,Common Snook
1/2/21,19:04:05 UTC,20.495334,-87.23639131,Centropomus undecimalis,Common Snook
1/2/21,19:38:00 UTC,20.49565936,-87.23626725,Centropomus undecimalis,Common Snook
1/3/21,12:08:56 UTC,20.49564429,-87.23635275,Centropomus undecimalis,Common Snook
1/3/21,16:38:09 UTC,28.89052317,-82.59111743,Centropomus undecimalis,Common Snook
12/27/20,19:23:00 UTC,27.860302,-80.4472737,Centropomus undecimalis,Common Snook
1/5/21,19:44:38 UTC,20.49544895,-87.23649189,Centropomus undecimalis,Common Snook
1/5/21,19:51:51 UTC,20.49546402,-87.2365509,Centropomus undecimalis,Common Snook
1/5/21,13:18:53 UTC,25.47051167,-80.34635333,Centropomus undecimalis,Common Snook
1/12/21,19:59:24 UTC,20.49486952,-87.23638326,Centropomus undecimalis,Common Snook
1/13/21,15:41:27 UTC,26.47250333,-82.14544717,Centropomus undecimalis,Common Snook
1/13/21,15:11:09 UTC,26.46135,-82.13300283,Centropomus undecimalis,Common Snook
,,27.4251602,-79.86106619,Centropomus undecimalis,Common Snook
1/15/21,19:15:25 UTC,26.45141333,-82.02616117,Centropomus undecimalis,Common Snook
11/8/13,23:40:00 UTC,11.50659207,-83.77326325,Centropomus undecimalis,Common Snook
4/25/20,17:21:25 UTC,25.83036513,-81.36462164,Centropomus undecimalis,Common Snook
1/21/21,14:37:09 UTC,25.47051167,-80.346345,Centropomus undecimalis,Common Snook
1/13/21,17:24:23 UTC,28.88817,-82.58888833,Centropomus undecimalis,Common Snook
1/19/16,20:27:00 UTC,17.98876126,-66.47421701,Centropomus undecimalis,Common Snook
1/29/21,17:49:57 UTC,21.34687724,-89.23699432,Centropomus undecimalis,Common Snook
4/22/20,19:22:20 UTC,26.32798333,-80.13147783,Centropomus undecimalis,Common Snook
2/4/21,14:38:54 UTC,25.47043333,-80.34642833,Centropomus undecimalis,Common Snook
2/8/21,22:42:37 UTC,,,Centropomus undecimalis,Common Snook
2/9/21,00:29:06 UTC,26.86509252,-80.07067433,Centropomus undecimalis,Common Snook
11/5/20,14:43:41 UTC,27.18002833,-82.49681167,Centropomus undecimalis,Common Snook
11/5/20,14:34:30 UTC,27.18003333,-82.496825,Centropomus undecimalis,Common Snook
2/16/21,14:51:02 UTC,27.6206887,-97.22264072,Centropomus undecimalis,Common Snook
2/16/21,14:50:49 UTC,27.62071169,-97.2226446,Centropomus undecimalis,Common Snook
2/17/21,14:59:00 UTC,27.6207119,-97.2226985,Centropomus undecimalis,Common Snook
2/28/04,18:35:00 UTC,28.79927533,-82.5882115,Centropomus undecimalis,Common Snook
2/18/21,16:05:00 UTC,27.54169462,-97.24120896,Centropomus undecimalis,Common Snook
2/18/21,16:07:00 UTC,27.53404946,-97.24519358,Centropomus undecimalis,Common Snook
2/18/21,16:21:00 UTC,27.49037104,-97.26727037,Centropomus undecimalis,Common Snook
4/12/16,23:43:00 UTC,25.46454899,-80.33431334,Centropomus undecimalis,Common Snook
2/19/21,20:12:00 UTC,27.82976161,-97.05061562,Centropomus undecimalis,Common Snook
2/19/21,20:17:00 UTC,27.83012662,-97.05034377,Centropomus undecimalis,Common Snook
2/19/21,20:35:00 UTC,27.83134423,-97.04889606,Centropomus undecimalis,Common Snook
7/5/17,17:36:02 UTC,27.53842833,-82.633645,Centropomus undecimalis,Common Snook
2/19/21,21:31:00 UTC,27.83315752,-97.04676728,Centropomus undecimalis,Common Snook
2/19/21,21:42:00 UTC,27.8326785,-97.04722283,Centropomus undecimalis,Common Snook
12/27/06,20:10:00 UTC,28.79926311,-82.58834504,Centropomus undecimalis,Common Snook
2/24/21,12:09:21 UTC,20.4944983,-87.23631956,Centropomus undecimalis,Common Snook
,,25.68159299,-80.27155213,Centropomus undecimalis,Common Snook
2/25/21,18:59:00 UTC,27.65416953,-97.25664533,Centropomus undecimalis,Common Snook
2/27/21,18:24:13 UTC,27.70807558,-82.70172046,Centropomus undecimalis,Common Snook
2/27/21,23:33:00 UTC,27.65612452,-97.25831355,Centropomus undecimalis,Common Snook
2/27/21,23:35:00 UTC,27.65616848,-97.25837519,Centropomus undecimalis,Common Snook
2/27/21,23:37:00 UTC,27.65624792,-97.25848144,Centropomus undecimalis,Common Snook
2/27/21,23:47:00 UTC,27.65263023,-97.25561346,Centropomus undecimalis,Common Snook
2/27/21,23:47:00 UTC,27.65257508,-97.25558395,Centropomus undecimalis,Common Snook
2/27/21,23:48:00 UTC,27.65242525,-97.25547702,Centropomus undecimalis,Common Snook
2/28/21,00:00:00 UTC,27.65140551,-97.25478492,Centropomus undecimalis,Common Snook
2/27/21,15:17:00 UTC,27.35397423,-82.54934558,Centropomus undecimalis,Common Snook
9/13/13,17:06:00 UTC,12.01793016,-83.74527377,Centropomus undecimalis,Common Snook
2/27/21,23:38:00 UTC,27.65398668,-97.2564936,Centropomus undecimalis,Common Snook
2/27/21,23:39:00 UTC,27.65371254,-97.25632727,Centropomus undecimalis,Common Snook
2/27/21,23:40:00 UTC,27.65363564,-97.25626442,Centropomus undecimalis,Common Snook
2/27/21,23:41:00 UTC,27.65317133,-97.25598495,Centropomus undecimalis,Common Snook
2/27/21,23:41:00 UTC,27.65301067,-97.25587417,Centropomus undecimalis,Common Snook
2/27/21,23:41:00 UTC,27.65293538,-97.25581989,Centropomus undecimalis,Common Snook
3/3/21,01:19:52 UTC,25.06770378,-80.47256128,Centropomus undecimalis,Common Snook
2/27/21,23:51:00 UTC,27.64911954,-97.25330551,Centropomus undecimalis,Common Snook
2/27/21,23:57:00 UTC,27.64360964,-97.24963303,Centropomus undecimalis,Common Snook
2/28/21,00:00:00 UTC,27.64344714,-97.24954924,Centropomus undecimalis,Common Snook
2/28/21,00:02:00 UTC,27.64308384,-97.24932058,Centropomus undecimalis,Common Snook
2/28/21,00:05:00 UTC,27.64289717,-97.2491595,Centropomus undecimalis,Common Snook
2/28/21,00:07:00 UTC,27.64260566,-97.24895227,Centropomus undecimalis,Common Snook
2/28/21,00:47:00 UTC,27.64204712,-97.18765275,Centropomus undecimalis,Common Snook
3/4/21,13:59:38 UTC,27.46320833,-80.32200556,Centropomus undecimalis,Common Snook
,,27.63302963,-97.23437674,Centropomus undecimalis,Common Snook
,,,,Centropomus undecimalis,Common Snook
3/8/21,05:00:00 UTC,17.74811411,-91.76429609,Centropomus undecimalis,Common Snook
3/7/21,22:00:47 UTC,25.8248442,-81.34290072,Centropomus undecimalis,Common Snook
3/12/21,19:30:00 UTC,17.754386,-92.013033,Centropomus undecimalis,Common Snook
3/12/21,20:00:37 UTC,27.53385333,-82.59520833,Centropomus undecimalis,Common Snook
1/2/21,16:50:59 UTC,26.03454717,-81.831345,Centropomus undecimalis,Common Snook
3/18/21,14:00:58 UTC,27.51371146,-82.71847467,Centropomus undecimalis,Common Snook
3/21/21,17:20:34 UTC,26.49031333,-82.00556112,Centropomus undecimalis,Common Snook
2/28/21,15:21:51 UTC,26.49122602,-82.1868981,Centropomus undecimalis,Common Snook
8/16/20,19:02:38 UTC,26.64008,-82.05793883,Centropomus undecimalis,Common Snook
3/27/21,19:03:03 UTC,27.84380833,-82.611275,Centropomus undecimalis,Common Snook
3/26/21,22:56:59 UTC,26.76479651,-80.93613219,Centropomus undecimalis,Common Snook
3/29/21,05:33:03 UTC,27.17999667,-82.49658833,Centropomus undecimalis,Common Snook
3/27/21,02:58:53 UTC,27.18001897,-82.49688111,Centropomus undecimalis,Common Snook
3/30/21,20:34:52 UTC,27.53082233,-82.73396786,Centropomus undecimalis,Common Snook
3/29/21,21:08:11 UTC,27.17998833,-82.49723,Centropomus undecimalis,Common Snook
3/29/21,05:33:48 UTC,27.18001167,-82.496855,Centropomus undecimalis,Common Snook
3/29/21,03:39:10 UTC,27.17997167,-82.49687167,Centropomus undecimalis,Common Snook
3/31/21,17:24:14 UTC,26.16367952,-81.80961183,Centropomus undecimalis,Common Snook
4/1/21,00:24:30 UTC,27.180005,-82.49682,Centropomus undecimalis,Common Snook
4/2/21,01:05:14 UTC,27.17993667,-82.49678,Centropomus undecimalis,Common Snook
3/30/21,15:13:00 UTC,26.1119416,-81.7662036,Centropomus undecimalis,Common Snook
6/18/20,23:00:00 UTC,25.9180078,-80.11742058,Centropomus undecimalis,Common Snook
4/6/21,17:44:59 UTC,27.17323667,-82.48816667,Centropomus undecimalis,Common Snook
4/8/21,16:41:21 UTC,26.34221268,-81.85105133,Centropomus undecimalis,Common Snook
4/10/21,01:45:07 UTC,27.18003333,-82.49688667,Centropomus undecimalis,Common Snook
3/17/12,11:15:00 UTC,15.8051522,-86.53834429,Centropomus undecimalis,Common Snook
4/14/21,00:37:04 UTC,27.18003333,-82.496825,Centropomus undecimalis,Common Snook
9/19/04,17:28:00 UTC,25.62983573,-80.06535202,Centropomus undecimalis,Common Snook
4/17/21,00:57:27 UTC,27.1801,-82.49696333,Centropomus undecimalis,Common Snook
4/17/21,00:33:55 UTC,27.18004167,-82.49669667,Centropomus undecimalis,Common Snook
4/16/21,19:50:08 UTC,27.66798186,-80.35938206,Centropomus undecimalis,Common Snook
4/13/21,10:11:00 UTC,26.25845975,-80.08275023,Centropomus undecimalis,Common Snook
4/19/21,08:55:00 UTC,15.16600702,-83.48490539,Centropomus undecimalis,Common Snook
12/20/19,19:54:00 UTC,26.45153136,-82.11318418,Centropomus undecimalis,Common Snook
4/15/21,00:22:09 UTC,15.69682217,-86.97824097,Centropomus undecimalis,Common Snook
4/24/21,18:45:00 UTC,24.83791897,-80.75859829,Centropomus undecimalis,Common Snook
4/25/21,15:38:24 UTC,27.12499167,-82.46952,Centropomus undecimalis,Common Snook
4/27/21,17:06:39 UTC,27.18001333,-82.49475,Centropomus undecimalis,Common Snook
4/28/21,22:16:19 UTC,27.1256,-82.46971167,Centropomus undecimalis,Common Snook
4/30/21,00:50:08 UTC,27.179995,-82.49682,Centropomus undecimalis,Common Snook
,,27.61183801,-97.23595686,Centropomus undecimalis,Common Snook
4/30/21,20:31:39 UTC,26.52103686,-82.18871005,Centropomus undecimalis,Common Snook
4/30/21,20:54:20 UTC,26.52078847,-82.1888145,Centropomus undecimalis,Common Snook
5/1/21,03:36:17 UTC,27.12552783,-82.46936167,Centropomus undecimalis,Common Snook
5/1/21,03:07:53 UTC,27.12497217,-82.46964167,Centropomus undecimalis,Common Snook
6/3/17,10:26:29 UTC,27.965155,-82.83315333,Centropomus undecimalis,Common Snook
4/23/21,10:39:00 UTC,20.7036111,-90.4527778,Centropomus undecimalis,Common Snook
4/22/21,13:11:00 UTC,,,Centropomus undecimalis,Common Snook
5/5/21,03:16:20 UTC,27.12515,-82.46966667,Centropomus undecimalis,Common Snook
5/5/21,01:00:58 UTC,27.1295695,-82.47029167,Centropomus undecimalis,Common Snook
5/7/21,00:31:41 UTC,27.17996333,-82.496825,Centropomus undecimalis,Common Snook
5/7/21,01:04:07 UTC,27.18051333,-82.49815333,Centropomus undecimalis,Common Snook
5/7/21,18:42:00 UTC,26.36198786,-80.06799499,Centropomus undecimalis,Common Snook
5/7/21,11:07:00 UTC,25.17562626,-80.36445229,Centropomus undecimalis,Common Snook
5/10/21,16:25:13 UTC,27.30209216,-82.2538004,Centropomus undecimalis,Common Snook
5/13/21,13:35:00 UTC,18.48655278,-92.79255,Centropomus undecimalis,Common Snook
5/17/21,14:22:58 UTC,27.3011642,-80.2548976,Centropomus undecimalis,Common Snook
4/13/21,01:37:00 UTC,28.33035121,-82.70518671,Centropomus undecimalis,Common Snook
5/4/21,16:09:00 UTC,24.80394442,-80.84979832,Centropomus undecimalis,Common Snook
5/21/21,01:50:46 UTC,27.09973333,-82.44061333,Centropomus undecimalis,Common Snook
4/4/21,23:35:21 UTC,27.05504444,-82.4421,Centropomus undecimalis,Common Snook
5/23/21,16:04:48 UTC,27.76196098,-82.76761627,Centropomus undecimalis,Common Snook
5/23/21,17:27:46 UTC,27.498027,-82.516445,Centropomus undecimalis,Common Snook
,,27.856522,-82.482455,Centropomus undecimalis,Common Snook
5/25/21,23:29:41 UTC,29.93028105,-81.33006881,Centropomus undecimalis,Common Snook
5/25/21,22:48:38 UTC,29.8446017,-81.33130042,Centropomus undecimalis,Common Snook
5/26/21,04:22:57 UTC,27.12513617,-82.46970333,Centropomus undecimalis,Common Snook
5/26/21,03:59:50 UTC,27.12497783,-82.46962833,Centropomus undecimalis,Common Snook
5/26/21,04:20:59 UTC,27.12521667,-82.46964167,Centropomus undecimalis,Common Snook
2/27/20,08:34:21 UTC,20.266713,-87.392141,Centropomus undecimalis,Common Snook
,,26.54422903,-80.04281119,Centropomus undecimalis,Common Snook
3/19/14,20:34:00 UTC,-2.534048526,-44.26588432,Centropomus undecimalis,Common Snook
6/6/21,11:56:47 UTC,27.54556287,-80.34861904,Centropomus undecimalis,Common Snook
6/9/21,12:34:31 UTC,26.3858439,-81.8408053,Centropomus undecimalis,Common Snook
6/10/21,15:01:15 UTC,27.11345,-82.46751333,Centropomus undecimalis,Common Snook
6/11/21,11:26:24 UTC,27.81820668,-82.47414159,Centropomus undecimalis,Common Snook
6/10/21,15:19:10 UTC,26.13627297,-80.35769897,Centropomus undecimalis,Common Snook
6/11/21,12:56:38 UTC,26.39937197,-81.865724,Centropomus undecimalis,Common Snook
6/1/21,00:30:00 UTC,26.482573,-82.18212136,Centropomus undecimalis,Common Snook
5/29/21,01:14:39 UTC,26.45075548,-82.03232741,Centropomus undecimalis,Common Snook
6/16/21,23:03:57 UTC,27.89665833,-82.85022,Centropomus undecimalis,Common Snook
6/17/21,22:00:12 UTC,27.11238883,-82.46849167,Centropomus undecimalis,Common Snook
6/17/21,15:38:14 UTC,27.1122555,-82.46893333,Centropomus undecimalis,Common Snook
6/17/21,16:05:00 UTC,25.14433473,-80.40539314,Centropomus undecimalis,Common Snook
6/18/21,04:20:48 UTC,20.49540843,-87.23636046,Centropomus undecimalis,Common Snook
6/18/21,04:50:00 UTC,20.495611,-87.23633297,Centropomus undecimalis,Common Snook
6/18/21,02:31:35 UTC,26.63496997,-82.113881,Centropomus undecimalis,Common Snook
6/21/21,16:14:04 UTC,27.11237217,-82.46858333,Centropomus undecimalis,Common Snook
,,27.650705,-82.741281,Centropomus undecimalis,Common Snook
6/9/21,18:30:00 UTC,29.09926735,-83.0680602,Centropomus undecimalis,Common Snook
6/18/21,13:02:43 UTC,16.28036762,-61.61613196,Centropomus undecimalis,Common Snook
6/19/21,16:29:00 UTC,27.58117587,-82.7656909,Centropomus undecimalis,Common Snook
6/25/21,21:23:18 UTC,25.95638569,-81.75301646,Centropomus undecimalis,Common Snook
6/16/21,15:20:24 UTC,26.904993,-82.346964,Centropomus undecimalis,Common Snook
6/21/21,18:01:00 UTC,24.741965,-77.86163333,Centropomus undecimalis,Common Snook
6/26/21,01:21:17 UTC,27.179955,-82.49687167,Centropomus undecimalis,Common Snook
6/24/21,20:31:29 UTC,27.1123055,-82.468995,Centropomus undecimalis,Common Snook
6/24/21,20:42:34 UTC,27.11221117,-82.46932167,Centropomus undecimalis,Common Snook
6/27/21,17:12:16 UTC,20.49434033,-87.23636113,Centropomus undecimalis,Common Snook
6/27/21,17:09:26 UTC,27.11311383,-82.46903333,Centropomus undecimalis,Common Snook
6/29/21,18:23:07 UTC,26.11183744,-97.16812581,Centropomus undecimalis,Common Snook
6/30/21,01:14:01 UTC,15.669513,-96.575415,Centropomus undecimalis,Common Snook
6/30/21,23:36:31 UTC,27.11307217,-82.46891667,Centropomus undecimalis,Common Snook
6/30/21,23:27:59 UTC,27.113325,-82.46798,Centropomus undecimalis,Common Snook
7/1/21,20:53:00 UTC,25.76186504,-80.12489251,Centropomus undecimalis,Common Snook
7/1/21,19:00:00 UTC,27.86058817,-80.44936189,Centropomus undecimalis,Common Snook
7/3/21,23:55:44 UTC,27.11301667,-82.46942167,Centropomus undecimalis,Common Snook
7/4/21,14:06:34 UTC,27.11306383,-82.46861333,Centropomus undecimalis,Common Snook
3/12/21,17:44:30 UTC,25.137281,-80.93197397,Centropomus undecimalis,Common Snook
7/7/21,19:41:00 UTC,26.0579669,-80.10894368,Centropomus undecimalis,Common Snook
7/10/21,14:18:20 UTC,28.25999167,-80.68248667,Centropomus undecimalis,Common Snook
7/11/21,18:54:22 UTC,20.49435667,-87.23636616,Centropomus undecimalis,Common Snook
7/11/21,21:01:06 UTC,20.49470464,-87.23656666,Centropomus undecimalis,Common Snook
7/11/21,21:02:15 UTC,20.49428663,-87.23639566,Centropomus undecimalis,Common Snook
7/11/21,12:55:00 UTC,20.49458687,-87.23651972,Centropomus undecimalis,Common Snook
7/6/21,22:43:00 UTC,27.47113323,-80.28765554,Centropomus undecimalis,Common Snook
7/13/21,19:55:13 UTC,26.2165783,-81.8141513,Centropomus undecimalis,Common Snook
7/10/21,01:27:41 UTC,26.94636917,-80.0828476,Centropomus undecimalis,Common Snook
7/15/21,22:22:37 UTC,25.14364717,-80.92257833,Centropomus undecimalis,Common Snook
7/18/21,02:20:00 UTC,28.5174957,-82.5725991,Centropomus undecimalis,Common Snook
7/20/21,17:03:00 UTC,27.73894333,-82.75348,Centropomus undecimalis,Common Snook
7/21/21,04:22:11 UTC,20.49438022,-87.23639231,Centropomus undecimalis,Common Snook
7/20/21,19:22:00 UTC,27.75720167,-82.766345,Centropomus undecimalis,Common Snook
7/21/21,04:21:58 UTC,20.49450019,-87.23633263,Centropomus undecimalis,Common Snook
7/21/21,14:55:00 UTC,28.0064499,-83.0331679,Centropomus undecimalis,Common Snook
7/20/21,17:08:00 UTC,26.8568631,-80.0724055,Centropomus undecimalis,Common Snook
7/19/21,19:28:29 UTC,27.7188158,-82.74167322,Centropomus undecimalis,Common Snook
7/23/21,15:49:00 UTC,27.76996012,-82.74255747,Centropomus undecimalis,Common Snook
7/19/21,22:24:37 UTC,27.77022233,-82.77535267,Centropomus undecimalis,Common Snook
7/20/21,18:06:05 UTC,27.89226765,-82.53275313,Centropomus undecimalis,Common Snook
7/2/21,23:43:00 UTC,28.87445117,-80.82930374,Centropomus undecimalis,Common Snook
7/28/21,19:06:00 UTC,27.43633589,-82.68962679,Centropomus undecimalis,Common Snook
7/28/21,19:41:00 UTC,27.33476697,-82.58415067,Centropomus undecimalis,Common Snook
7/28/21,14:31:01 UTC,27.29725833,-82.56838333,Centropomus undecimalis,Common Snook
7/30/21,14:57:56 UTC,20.69196686,-87.0285875,Centropomus undecimalis,Common Snook
7/30/21,22:23:00 UTC,25.76323458,-80.12824016,Centropomus undecimalis,Common Snook
7/29/21,17:38:00 UTC,27.07289707,-82.45162082,Centropomus undecimalis,Common Snook
7/30/21,15:19:40 UTC,25.47038667,-80.346505,Centropomus undecimalis,Common Snook
8/1/21,19:47:00 UTC,26.31187066,-80.07531881,Centropomus undecimalis,Common Snook
1/16/21,09:40:00 UTC,27.30498658,-82.54396286,Centropomus undecimalis,Common Snook
8/5/21,18:00:00 UTC,27.26736111,-82.56043889,Centropomus undecimalis,Common Snook
8/5/21,17:54:00 UTC,27.26571389,-82.55667778,Centropomus undecimalis,Common Snook
7/23/21,14:16:28 UTC,26.94617,-80.0831,Centropomus undecimalis,Common Snook
4/4/11,05:14:00 UTC,15.49429038,-89.40559078,Centropomus undecimalis,Common Snook
8/8/21,11:24:49 UTC,27.70137024,-82.69310761,Centropomus undecimalis,Common Snook
7/4/21,10:26:00 UTC,27.52647,-82.72618,Centropomus undecimalis,Common Snook
8/13/21,12:13:00 UTC,27.05622978,-82.44304931,Centropomus undecimalis,Common Snook
8/13/21,12:13:00 UTC,27.05619156,-82.44300908,Centropomus undecimalis,Common Snook
8/14/21,23:00:25 UTC,,,Centropomus undecimalis,Common Snook
8/16/21,19:30:00 UTC,25.78322393,-80.27398723,Centropomus undecimalis,Common Snook
8/20/21,13:15:54 UTC,26.07811667,-80.10987783,Centropomus undecimalis,Common Snook
8/17/21,22:13:00 UTC,18.23168902,-91.77342459,Centropomus undecimalis,Common Snook
,,16.10054011,-94.13591433,Centropomus undecimalis,Common Snook
8/28/21,14:19:28 UTC,,,Centropomus undecimalis,Common Snook
10/9/14,00:48:00 UTC,26.8752122,-82.3221275,Centropomus undecimalis,Common Snook
8/30/21,16:08:27 UTC,25.76978118,-80.13241522,Centropomus undecimalis,Common Snook
8/24/21,18:55:59 UTC,27.10093333,-82.43393,Centropomus undecimalis,Common Snook
9/2/21,15:55:33 UTC,26.36640549,-80.07035828,Centropomus undecimalis,Common Snook
,,25.53735122,-80.33261482,Centropomus undecimalis,Common Snook
9/5/21,13:38:37 UTC,29.64809597,-81.22014797,Centropomus undecimalis,Common Snook
9/9/21,12:31:04 UTC,25.85730544,-80.13049058,Centropomus undecimalis,Common Snook
9/10/21,16:32:11 UTC,27.33418333,-82.54563,Centropomus undecimalis,Common Snook
9/10/21,16:33:02 UTC,27.33414167,-82.545455,Centropomus undecimalis,Common Snook
9/13/21,22:55:17 UTC,26.5455275,-80.04419327,Centropomus undecimalis,Common Snook
9/15/21,23:57:05 UTC,26.71382833,-81.59834167,Centropomus undecimalis,Common Snook
9/16/21,13:20:20 UTC,26.09071745,-80.11187189,Centropomus undecimalis,Common Snook
9/16/21,22:56:00 UTC,27.43915343,-82.68051445,Centropomus undecimalis,Common Snook
9/18/21,23:01:00 UTC,26.5456262,-80.0428191,Centropomus undecimalis,Common Snook